--
-- PostgreSQL database dump
--

-- Dumped from database version 16.1 (Debian 16.1-1.pgdg120+1)
-- Dumped by pg_dump version 16.2

-- Started on 2024-04-12 22:17:16 UTC

SET statement_timeout = 0;
SET lock_timeout = 0;
SET idle_in_transaction_session_timeout = 0;
SET client_encoding = 'UTF8';
SET standard_conforming_strings = on;
SELECT pg_catalog.set_config('search_path', '', false);
SET check_function_bodies = false;
SET xmloption = content;
SET client_min_messages = warning;
SET row_security = off;

SET default_tablespace = '';

SET default_table_access_method = heap;

-- TOC entry 3389 (class 1262 OID 24785)
-- Name: hotels; Type: DATABASE; Schema: -; Owner: postgres
--

CREATE DATABASE hotels WITH TEMPLATE = template0 ENCODING = 'UTF8' LOCALE_PROVIDER = libc LOCALE = 'en_US.utf8';


ALTER DATABASE hotels OWNER TO postgres;

\connect hotels

SET statement_timeout = 0;
SET lock_timeout = 0;
SET idle_in_transaction_session_timeout = 0;
SET client_encoding = 'UTF8';
SET standard_conforming_strings = on;
SELECT pg_catalog.set_config('search_path', '', false);
SET check_function_bodies = false;
SET xmloption = content;
SET client_min_messages = warning;
SET row_security = off;

SET default_tablespace = '';

SET default_table_access_method = heap;

--
-- TOC entry 216 (class 1259 OID 24742)
-- Name: Bookings; Type: TABLE; Schema: public; Owner: postgres
--

CREATE TABLE public."Bookings" (
    "Id" uuid NOT NULL,
    "BookingNumber" text NOT NULL,
    "HotelId" integer NOT NULL
);


ALTER TABLE public."Bookings" OWNER TO postgres;

--
-- TOC entry 218 (class 1259 OID 24750)
-- Name: Hotels; Type: TABLE; Schema: public; Owner: postgres
--

CREATE TABLE public."Hotels" (
    "Id" integer NOT NULL,
    "Name" text NOT NULL
);


ALTER TABLE public."Hotels" OWNER TO postgres;

--
-- TOC entry 217 (class 1259 OID 24749)
-- Name: Hotels_Id_seq; Type: SEQUENCE; Schema: public; Owner: postgres
--

ALTER TABLE public."Hotels" ALTER COLUMN "Id" ADD GENERATED BY DEFAULT AS IDENTITY (
    SEQUENCE NAME public."Hotels_Id_seq"
    START WITH 1
    INCREMENT BY 1
    NO MINVALUE
    NO MAXVALUE
    CACHE 1
);


--
-- TOC entry 219 (class 1259 OID 24757)
-- Name: RoomBooking; Type: TABLE; Schema: public; Owner: postgres
--

CREATE TABLE public."RoomBooking" (
    "Id" uuid NOT NULL,
    "RoomId" integer NOT NULL,
    "RoomNumber" integer NOT NULL,
    "Price" numeric NOT NULL,
    "Currency" text NOT NULL,
    "BookingId" uuid
);


ALTER TABLE public."RoomBooking" OWNER TO postgres;

--
-- TOC entry 221 (class 1259 OID 24770)
-- Name: Rooms; Type: TABLE; Schema: public; Owner: postgres
--

CREATE TABLE public."Rooms" (
    "Id" integer NOT NULL,
    "HotelId" integer NOT NULL,
    "RoomNumber" integer NOT NULL,
    "Category" integer NOT NULL,
    "Capacity" integer NOT NULL,
    "Price" numeric(18,2) NOT NULL,
    "Currency" text NOT NULL,
    "IsAvailable" boolean NOT NULL
);


ALTER TABLE public."Rooms" OWNER TO postgres;

--
-- TOC entry 220 (class 1259 OID 24769)
-- Name: Rooms_Id_seq; Type: SEQUENCE; Schema: public; Owner: postgres
--

ALTER TABLE public."Rooms" ALTER COLUMN "Id" ADD GENERATED BY DEFAULT AS IDENTITY (
    SEQUENCE NAME public."Rooms_Id_seq"
    START WITH 1
    INCREMENT BY 1
    NO MINVALUE
    NO MAXVALUE
    CACHE 1
);


--
-- TOC entry 215 (class 1259 OID 24737)
-- Name: __EFMigrationsHistory; Type: TABLE; Schema: public; Owner: postgres
--

CREATE TABLE public."__EFMigrationsHistory" (
    "MigrationId" character varying(150) NOT NULL,
    "ProductVersion" character varying(32) NOT NULL
);


ALTER TABLE public."__EFMigrationsHistory" OWNER TO postgres;

--
-- TOC entry 3379 (class 0 OID 24742)
-- Dependencies: 216
-- Data for Name: Bookings; Type: TABLE DATA; Schema: public; Owner: postgres
--

INSERT INTO public."Bookings" ("Id", "BookingNumber", "HotelId") VALUES ('8848c980-1675-4fc2-b357-f522c883d619', '2024-192978', 3);
INSERT INTO public."Bookings" ("Id", "BookingNumber", "HotelId") VALUES ('f9a3b8b5-8ca1-4062-a822-2543fd06d2bb', '2024-765223', 1);
INSERT INTO public."Bookings" ("Id", "BookingNumber", "HotelId") VALUES ('62d32563-805a-4f84-b918-e94e31d20283', '2024-277811', 2);


--
-- TOC entry 3381 (class 0 OID 24750)
-- Dependencies: 218
-- Data for Name: Hotels; Type: TABLE DATA; Schema: public; Owner: postgres
--

INSERT INTO public."Hotels" ("Id", "Name") VALUES (1, 'Hotel Adlon Kempinski Berrlin');
INSERT INTO public."Hotels" ("Id", "Name") VALUES (2, 'The Hollywood Roosevelt');
INSERT INTO public."Hotels" ("Id", "Name") VALUES (3, 'Sofitel Legend Metropole Hanoi');


--
-- TOC entry 3382 (class 0 OID 24757)
-- Dependencies: 219
-- Data for Name: RoomBooking; Type: TABLE DATA; Schema: public; Owner: postgres
--

INSERT INTO public."RoomBooking" ("Id", "RoomId", "RoomNumber", "Price", "Currency", "BookingId") VALUES ('6791b4ff-e472-4fd5-abe1-c6a2ad5fc523', 28, 10839, 12999999.00, 'VND', '8848c980-1675-4fc2-b357-f522c883d619');
INSERT INTO public."RoomBooking" ("Id", "RoomId", "RoomNumber", "Price", "Currency", "BookingId") VALUES ('b2809462-911b-4ea5-a970-1e364629236a', 1, 10322, 299.99, 'EUR', 'f9a3b8b5-8ca1-4062-a822-2543fd06d2bb');
INSERT INTO public."RoomBooking" ("Id", "RoomId", "RoomNumber", "Price", "Currency", "BookingId") VALUES ('0e5c39ef-575b-45b9-8984-1f97d9568900', 17, 5732, 239.99, 'USD', '62d32563-805a-4f84-b918-e94e31d20283');
INSERT INTO public."RoomBooking" ("Id", "RoomId", "RoomNumber", "Price", "Currency", "BookingId") VALUES ('56827707-2bdf-4e1a-8867-376a5fa491ee', 18, 5031, 239.99, 'USD', '62d32563-805a-4f84-b918-e94e31d20283');
INSERT INTO public."RoomBooking" ("Id", "RoomId", "RoomNumber", "Price", "Currency", "BookingId") VALUES ('c56f4be4-c658-44f1-9275-fed2a945f8f3', 25, 10007, 399.99, 'USD', '62d32563-805a-4f84-b918-e94e31d20283');


--
-- TOC entry 3384 (class 0 OID 24770)
-- Dependencies: 221
-- Data for Name: Rooms; Type: TABLE DATA; Schema: public; Owner: postgres
--

INSERT INTO public."Rooms" ("Id", "HotelId", "RoomNumber", "Category", "Capacity", "Price", "Currency", "IsAvailable") VALUES (2, 1, 1082, 1, 1, 149.99, 'EUR', true);
INSERT INTO public."Rooms" ("Id", "HotelId", "RoomNumber", "Category", "Capacity", "Price", "Currency", "IsAvailable") VALUES (3, 1, 1079, 1, 1, 149.99, 'EUR', true);
INSERT INTO public."Rooms" ("Id", "HotelId", "RoomNumber", "Category", "Capacity", "Price", "Currency", "IsAvailable") VALUES (4, 1, 2079, 2, 2, 179.99, 'EUR', true);
INSERT INTO public."Rooms" ("Id", "HotelId", "RoomNumber", "Category", "Capacity", "Price", "Currency", "IsAvailable") VALUES (5, 1, 3128, 2, 2, 179.99, 'EUR', true);
INSERT INTO public."Rooms" ("Id", "HotelId", "RoomNumber", "Category", "Capacity", "Price", "Currency", "IsAvailable") VALUES (6, 1, 4981, 3, 2, 199.99, 'EUR', true);
INSERT INTO public."Rooms" ("Id", "HotelId", "RoomNumber", "Category", "Capacity", "Price", "Currency", "IsAvailable") VALUES (7, 1, 5173, 3, 2, 199.99, 'EUR', true);
INSERT INTO public."Rooms" ("Id", "HotelId", "RoomNumber", "Category", "Capacity", "Price", "Currency", "IsAvailable") VALUES (8, 1, 6899, 4, 4, 229.99, 'EUR', true);
INSERT INTO public."Rooms" ("Id", "HotelId", "RoomNumber", "Category", "Capacity", "Price", "Currency", "IsAvailable") VALUES (9, 1, 7332, 4, 4, 229.99, 'EUR', true);
INSERT INTO public."Rooms" ("Id", "HotelId", "RoomNumber", "Category", "Capacity", "Price", "Currency", "IsAvailable") VALUES (10, 2, 2322, 1, 1, 129.99, 'USD', true);
INSERT INTO public."Rooms" ("Id", "HotelId", "RoomNumber", "Category", "Capacity", "Price", "Currency", "IsAvailable") VALUES (11, 2, 2849, 1, 1, 129.99, 'USD', true);
INSERT INTO public."Rooms" ("Id", "HotelId", "RoomNumber", "Category", "Capacity", "Price", "Currency", "IsAvailable") VALUES (12, 2, 2993, 1, 1, 139.99, 'USD', true);
INSERT INTO public."Rooms" ("Id", "HotelId", "RoomNumber", "Category", "Capacity", "Price", "Currency", "IsAvailable") VALUES (13, 2, 3844, 2, 2, 179.99, 'USD', true);
INSERT INTO public."Rooms" ("Id", "HotelId", "RoomNumber", "Category", "Capacity", "Price", "Currency", "IsAvailable") VALUES (14, 2, 3375, 2, 2, 179.99, 'USD', true);
INSERT INTO public."Rooms" ("Id", "HotelId", "RoomNumber", "Category", "Capacity", "Price", "Currency", "IsAvailable") VALUES (15, 2, 4693, 2, 2, 199.99, 'USD', true);
INSERT INTO public."Rooms" ("Id", "HotelId", "RoomNumber", "Category", "Capacity", "Price", "Currency", "IsAvailable") VALUES (16, 2, 4732, 2, 2, 199.99, 'USD', true);
INSERT INTO public."Rooms" ("Id", "HotelId", "RoomNumber", "Category", "Capacity", "Price", "Currency", "IsAvailable") VALUES (19, 2, 6666, 4, 4, 299.99, 'USD', true);
INSERT INTO public."Rooms" ("Id", "HotelId", "RoomNumber", "Category", "Capacity", "Price", "Currency", "IsAvailable") VALUES (20, 2, 7339, 4, 4, 299.99, 'USD', true);
INSERT INTO public."Rooms" ("Id", "HotelId", "RoomNumber", "Category", "Capacity", "Price", "Currency", "IsAvailable") VALUES (21, 2, 6487, 4, 4, 299.99, 'USD', true);
INSERT INTO public."Rooms" ("Id", "HotelId", "RoomNumber", "Category", "Capacity", "Price", "Currency", "IsAvailable") VALUES (22, 2, 8773, 4, 4, 339.99, 'USD', true);
INSERT INTO public."Rooms" ("Id", "HotelId", "RoomNumber", "Category", "Capacity", "Price", "Currency", "IsAvailable") VALUES (23, 2, 9447, 4, 4, 359.99, 'USD', true);
INSERT INTO public."Rooms" ("Id", "HotelId", "RoomNumber", "Category", "Capacity", "Price", "Currency", "IsAvailable") VALUES (24, 2, 8231, 4, 4, 339.99, 'USD', true);
INSERT INTO public."Rooms" ("Id", "HotelId", "RoomNumber", "Category", "Capacity", "Price", "Currency", "IsAvailable") VALUES (26, 2, 10038, 5, 4, 399.99, 'USD', true);
INSERT INTO public."Rooms" ("Id", "HotelId", "RoomNumber", "Category", "Capacity", "Price", "Currency", "IsAvailable") VALUES (27, 2, 11022, 5, 4, 449.99, 'USD', true);
INSERT INTO public."Rooms" ("Id", "HotelId", "RoomNumber", "Category", "Capacity", "Price", "Currency", "IsAvailable") VALUES (29, 3, 10920, 5, 6, 12999999.00, 'VND', true);
INSERT INTO public."Rooms" ("Id", "HotelId", "RoomNumber", "Category", "Capacity", "Price", "Currency", "IsAvailable") VALUES (30, 3, 9210, 4, 4, 11999999.00, 'VND', true);
INSERT INTO public."Rooms" ("Id", "HotelId", "RoomNumber", "Category", "Capacity", "Price", "Currency", "IsAvailable") VALUES (31, 3, 6681, 3, 2, 10656995.00, 'VND', true);
INSERT INTO public."Rooms" ("Id", "HotelId", "RoomNumber", "Category", "Capacity", "Price", "Currency", "IsAvailable") VALUES (32, 3, 5971, 3, 2, 10656995.00, 'VND', true);
INSERT INTO public."Rooms" ("Id", "HotelId", "RoomNumber", "Category", "Capacity", "Price", "Currency", "IsAvailable") VALUES (33, 3, 4886, 2, 2, 10124132.00, 'VND', true);
INSERT INTO public."Rooms" ("Id", "HotelId", "RoomNumber", "Category", "Capacity", "Price", "Currency", "IsAvailable") VALUES (34, 3, 4791, 2, 2, 10124132.00, 'VND', true);
INSERT INTO public."Rooms" ("Id", "HotelId", "RoomNumber", "Category", "Capacity", "Price", "Currency", "IsAvailable") VALUES (35, 3, 2023, 1, 2, 6660522.00, 'VND', true);
INSERT INTO public."Rooms" ("Id", "HotelId", "RoomNumber", "Category", "Capacity", "Price", "Currency", "IsAvailable") VALUES (36, 3, 2048, 1, 2, 6660522.00, 'VND', true);
INSERT INTO public."Rooms" ("Id", "HotelId", "RoomNumber", "Category", "Capacity", "Price", "Currency", "IsAvailable") VALUES (37, 3, 2898, 1, 2, 6660522.00, 'VND', true);
INSERT INTO public."Rooms" ("Id", "HotelId", "RoomNumber", "Category", "Capacity", "Price", "Currency", "IsAvailable") VALUES (38, 3, 7339, 1, 2, 6660522.00, 'VND', true);
INSERT INTO public."Rooms" ("Id", "HotelId", "RoomNumber", "Category", "Capacity", "Price", "Currency", "IsAvailable") VALUES (28, 3, 10839, 5, 6, 12999999.00, 'VND', false);
INSERT INTO public."Rooms" ("Id", "HotelId", "RoomNumber", "Category", "Capacity", "Price", "Currency", "IsAvailable") VALUES (1, 1, 10322, 5, 6, 299.99, 'EUR', false);
INSERT INTO public."Rooms" ("Id", "HotelId", "RoomNumber", "Category", "Capacity", "Price", "Currency", "IsAvailable") VALUES (17, 2, 5732, 3, 2, 239.99, 'USD', false);
INSERT INTO public."Rooms" ("Id", "HotelId", "RoomNumber", "Category", "Capacity", "Price", "Currency", "IsAvailable") VALUES (18, 2, 5031, 3, 2, 239.99, 'USD', false);
INSERT INTO public."Rooms" ("Id", "HotelId", "RoomNumber", "Category", "Capacity", "Price", "Currency", "IsAvailable") VALUES (25, 2, 10007, 5, 4, 399.99, 'USD', false);


--
-- TOC entry 3378 (class 0 OID 24737)
-- Dependencies: 215
-- Data for Name: __EFMigrationsHistory; Type: TABLE DATA; Schema: public; Owner: postgres
--

INSERT INTO public."__EFMigrationsHistory" ("MigrationId", "ProductVersion") VALUES ('20240411193828_InitialCreate', '8.0.3');


--
-- TOC entry 3390 (class 0 OID 0)
-- Dependencies: 217
-- Name: Hotels_Id_seq; Type: SEQUENCE SET; Schema: public; Owner: postgres
--

SELECT pg_catalog.setval('public."Hotels_Id_seq"', 3, true);


--
-- TOC entry 3391 (class 0 OID 0)
-- Dependencies: 220
-- Name: Rooms_Id_seq; Type: SEQUENCE SET; Schema: public; Owner: postgres
--

SELECT pg_catalog.setval('public."Rooms_Id_seq"', 38, true);


--
-- TOC entry 3223 (class 2606 OID 24748)
-- Name: Bookings PK_Bookings; Type: CONSTRAINT; Schema: public; Owner: postgres
--

ALTER TABLE ONLY public."Bookings"
    ADD CONSTRAINT "PK_Bookings" PRIMARY KEY ("Id");


--
-- TOC entry 3225 (class 2606 OID 24756)
-- Name: Hotels PK_Hotels; Type: CONSTRAINT; Schema: public; Owner: postgres
--

ALTER TABLE ONLY public."Hotels"
    ADD CONSTRAINT "PK_Hotels" PRIMARY KEY ("Id");


--
-- TOC entry 3228 (class 2606 OID 24763)
-- Name: RoomBooking PK_RoomBooking; Type: CONSTRAINT; Schema: public; Owner: postgres
--

ALTER TABLE ONLY public."RoomBooking"
    ADD CONSTRAINT "PK_RoomBooking" PRIMARY KEY ("Id");


--
-- TOC entry 3231 (class 2606 OID 24776)
-- Name: Rooms PK_Rooms; Type: CONSTRAINT; Schema: public; Owner: postgres
--

ALTER TABLE ONLY public."Rooms"
    ADD CONSTRAINT "PK_Rooms" PRIMARY KEY ("Id");


--
-- TOC entry 3221 (class 2606 OID 24741)
-- Name: __EFMigrationsHistory PK___EFMigrationsHistory; Type: CONSTRAINT; Schema: public; Owner: postgres
--

ALTER TABLE ONLY public."__EFMigrationsHistory"
    ADD CONSTRAINT "PK___EFMigrationsHistory" PRIMARY KEY ("MigrationId");


--
-- TOC entry 3226 (class 1259 OID 24782)
-- Name: IX_RoomBooking_BookingId; Type: INDEX; Schema: public; Owner: postgres
--

CREATE INDEX "IX_RoomBooking_BookingId" ON public."RoomBooking" USING btree ("BookingId");


--
-- TOC entry 3229 (class 1259 OID 24783)
-- Name: IX_Rooms_HotelId; Type: INDEX; Schema: public; Owner: postgres
--

CREATE INDEX "IX_Rooms_HotelId" ON public."Rooms" USING btree ("HotelId");


--
-- TOC entry 3232 (class 1259 OID 24784)
-- Name: ix_hotelid_roomnumber; Type: INDEX; Schema: public; Owner: postgres
--

CREATE INDEX ix_hotelid_roomnumber ON public."Rooms" USING btree ("HotelId", "RoomNumber");


--
-- TOC entry 3233 (class 2606 OID 24764)
-- Name: RoomBooking FK_RoomBooking_Bookings_BookingId; Type: FK CONSTRAINT; Schema: public; Owner: postgres
--

ALTER TABLE ONLY public."RoomBooking"
    ADD CONSTRAINT "FK_RoomBooking_Bookings_BookingId" FOREIGN KEY ("BookingId") REFERENCES public."Bookings"("Id");


--
-- TOC entry 3234 (class 2606 OID 24777)
-- Name: Rooms FK_Rooms_Hotels_HotelId; Type: FK CONSTRAINT; Schema: public; Owner: postgres
--

ALTER TABLE ONLY public."Rooms"
    ADD CONSTRAINT "FK_Rooms_Hotels_HotelId" FOREIGN KEY ("HotelId") REFERENCES public."Hotels"("Id") ON DELETE CASCADE;


-- Completed on 2024-04-12 22:17:16 UTC

--
-- PostgreSQL database dump complete
--

